hireId,jobId,candidateName,hireDate,timeToFill
H001,J101,Aarav Sharma,2025-01-05,18
H002,J102,Priya Reddy,2025-01-08,24
H003,J104,Rahul Verma,2025-01-10,20
H004,J105,Sneha Patel,2025-01-12,27
H005,J106,Vikram Rao,2025-01-15,22
H006,J108,Neha Gupta,2025-01-18,19
H007,J109,Arjun Mehta,2025-01-20,31
H008,J110,Kavya Nair,2025-01-24,26
H009,J112,Rohan Singh,2025-01-28,17
H010,J114,Ananya Iyer,2025-02-01,21
H011,J115,Aditya Kumar,2025-02-03,28
H012,J116,Pooja Sharma,2025-02-05,34
H013,J117,Harsha Reddy,2025-02-08,16
H014,J118,Sanjay Rao,2025-02-10,29
H015,J119,Keerthi Nair,2025-02-14,23
H016,J120,Ritik Gupta,2025-02-17,18
H017,J121,Aditi Sharma,2025-02-20,25
H018,J122,Mohit Jain,2025-02-23,20
H019,J123,Nikhil Varma,2025-02-27,32
H020,J124,Meghana Rao,2025-03-02,19
H021,J125,Sai Krishna,2025-03-05,27
H022,J126,Ishita Kapoor,2025-03-08,22
H023,J127,Akhil Reddy,2025-03-10,24
H024,J128,Divya Menon,2025-03-13,30
H025,J129,Surya Teja,2025-03-16,18
H026,J130,Riya Shah,2025-03-18,26
H027,J131,Manoj Kumar,2025-03-22,29
H028,J132,Nandini Rao,2025-03-25,17
H029,J133,Vivek Singh,2025-03-28,35
H030,J134,Harini Devi,2025-04-01,21
H031,J135,Kiran Reddy,2025-04-04,24
H032,J136,Ayush Patel,2025-04-07,18
H033,J137,Deepika Nair,2025-04-10,27
H034,J138,Abhishek Jain,2025-04-12,31
H035,J139,Rashmi Gupta,2025-04-15,20
H036,J140,Siddharth Rao,2025-04-18,22
H037,J141,Pallavi Sharma,2025-04-20,25
H038,J142,Varun Kumar,2025-04-23,19
H039,J143,Shruti Verma,2025-04-27,28
H040,J144,Rohan Mehta,2025-05-01,23
H041,J145,Anjali Rao,2025-05-03,26
H042,J146,Rahul Sharma,2025-05-05,19
H043,J147,Priyansh Gupta,2025-05-08,23
H044,J148,Sneha Reddy,2025-05-10,28
H045,J149,Karthik Varma,2025-05-13,17
H046,J150,Divyanshi Singh,2025-05-15,31
H047,J151,Akash Mehta,2025-05-18,22
H048,J152,Nisha Kapoor,2025-05-20,27
H049,J153,Harsh Verma,2025-05-23,20
H050,J154,Swathi Nair,2025-05-26,29
H051,J155,Rohan Kulkarni,2025-05-29,18
H052,J156,Ananya Gupta,2025-06-02,24
H053,J157,Aman Patel,2025-06-05,26
H054,J158,Neeraj Sharma,2025-06-08,33
H055,J159,Krishna Reddy,2025-06-10,19
H056,J160,Pallavi Gupta,2025-06-13,28
H057,J161,Varsha Menon,2025-06-16,25
H058,J162,Ritesh Kumar,2025-06-18,21
H059,J163,Ayushi Jain,2025-06-21,30
H060,J164,Abhinav Singh,2025-06-24,18
H061,J165,Harika Rao,2025-06-27,24
H062,J166,Rajesh Kumar,2025-07-01,32
H063,J167,Nikitha Reddy,2025-07-04,20
H064,J168,Praveen Sharma,2025-07-07,26
H065,J169,Shreya Kapoor,2025-07-10,29
H066,J170,Vikas Verma,2025-07-13,18
H067,J171,Apoorva Nair,2025-07-15,27
H068,J172,Rohan Reddy,2025-07-18,22
H069,J173,Shravan Kumar,2025-07-21,25
H070,J174,Megha Sharma,2025-07-24,31
H071,J175,Karan Gupta,2025-07-27,17
H072,J176,Deepika Rao,2025-07-30,28
H073,J177,Sachin Patel,2025-08-02,20
H074,J178,Navya Menon,2025-08-05,24
H075,J179,Ajay Verma,2025-08-08,27
H076,J180,Ritika Sharma,2025-08-11,30
H077,J181,Gaurav Nair,2025-08-14,19
H078,J182,Keerthana Rao,2025-08-17,23
H079,J183,Naveen Gupta,2025-08-20,29
H080,J184,Ishaan Sharma,2025-08-23,21